{"initial_reset_timestamp": 0.98905725, "timestamps": [10.462017166, 12.018464833, 12.180370166, 12.284326291, 12.357466958, 12.43910375, 12.512090708, 12.5804145, 13.131100333, 13.210565166, 13.321385125, 13.410027916, 13.476951833, 13.540231083, 13.608631541, 13.6783735], "episode_lengths": [33, 41, 30, 47, 33, 37, 27, 29, 36, 33, 42, 38, 31, 30, 32, 32], "episode_rewards": [-11.129999999999999, -19.689999999999998, -14.24, -74.72, -34.51, -18.16, -32.59, -21.35, -80.65, -97.32, -38.39999999999999, -68.18999999999998, -56.49000000000001, -34.00000000000001, -38.28, -15.83], "episode_types": ["t", "t", "t", "t", "t", "t", "t", "t", "t", "t", "t", "t", "t", "t", "t", "t", "t"]}