{"initial_reset_timestamp": 0.983644416, "timestamps": [3.699888625, 4.247411041, 4.406507625, 4.559807833, 4.715952, 4.871853583, 5.023523958, 5.168406791, 5.474623291, 5.634969041, 5.784480458, 5.932079125, 6.083868625, 6.231698, 6.389648583, 6.5453605, 6.698343958, 6.850316125, 7.002981666, 7.172093166, 7.335557458, 7.491186333, 7.639601125, 7.793299083, 7.945340166, 8.091626125, 8.241470208, 8.611695916, 8.77917625, 8.9389825, 9.113792708, 9.287599625, 9.448360708, 9.61279575, 9.76892075, 9.921495708, 10.076209625, 10.233287166, 10.385707916, 10.536666125, 10.692705458, 10.846085833, 10.992417208, 11.1404435, 11.29070625, 11.435884791, 11.586700916, 11.737761666, 11.886386583, 12.034674958, 12.290794083, 12.43692075, 12.584219583, 12.734830666, 12.890542333, 13.046101875, 13.20091675, 13.357960083, 13.506038541, 13.758400416, 13.909651791, 14.058088416, 14.204351083, 14.464408875, 14.780138791, 14.933337041, 15.086179041, 15.276689291, 15.434356125, 15.666436625, 15.820685625, 15.995038041, 16.158233958, 16.315964916, 16.476254666, 16.632137291, 16.788569625, 16.93837575, 17.090402875], "episode_lengths": [100, 100, 100, 100, 100, 100, 100, 100, 100, 100, 100, 100, 100, 100, 100, 100, 100, 100, 100, 100, 100, 100, 100, 100, 100, 100, 100, 100, 100, 100, 100, 100, 100, 100, 100, 100, 100, 100, 100, 100, 100, 100, 100, 100, 100, 100, 100, 100, 100, 100, 100, 100, 100, 100, 100, 100, 100, 100, 100, 100, 100, 100, 100, 100, 100, 100, 100, 100, 100, 100, 100, 100, 100, 100, 100, 100, 100, 100, 100], "episode_rewards": [-414.54999999999995, -558.1999999999999, -415.69999999999993, -396.11999999999995, -495.8199999999999, -366.21999999999997, -415.2199999999999, -356.53000000000003, -406.11, -408.07000000000005, -405.22, -376.93, -485.90999999999997, -495.36999999999995, -418.12, -385.24, -415.71, -508.40999999999997, -384.21000000000004, -507.6499999999999, -416.05, -414.33, -394.2299999999999, -497.12, -496.1499999999999, -445.74, -475.42999999999995, -465.9799999999999, -395.7999999999999, -436.32, -366.09000000000003, -475.96999999999997, -466.42, -516.39, -375.99, -415.39, -415.40999999999997, -479.79999999999995, -417.16999999999996, -455.82000000000005, -434.53999999999996, -394.42999999999995, -385.84000000000003, -425.30999999999995, -507.10999999999996, -385.15, -545.7499999999999, -385.09, -414.79, -416.06, -556.3899999999999, -385.26, -355.19, -507.25, -405.02, -456.97, -345.80999999999995, -527.11, -447.70000000000005, -394.52, -358.90999999999997, -445.7, -345.47, -586.6399999999999, -475.7, -365.8, -337.15, -456.75, -408.13, -356.95, -557.0699999999997, -466.41999999999996, -397.38, -387.08, -446.94, -496.3599999999999, -436.33000000000004, -476.55999999999995, -365.52], "episode_types": ["t", "t", "t", "t", "t", "t", "t", "t", "t", "t", "t", "t", "t", "t", "t", "t", "t", "t", "t", "t", "t", "t", "t", "t", "t", "t", "t", "t", "t", "t", "t", "t", "t", "t", "t", "t", "t", "t", "t", "t", "t", "t", "t", "t", "t", "t", "t", "t", "t", "t", "t", "t", "t", "t", "t", "t", "t", "t", "t", "t", "t", "t", "t", "t", "t", "t", "t", "t", "t", "t", "t", "t", "t", "t", "t", "t", "t", "t", "t", "t"]}