{"initial_reset_timestamp": 14.526136333, "timestamps": [24.638862292, 24.99646975, 25.162706042, 25.320376958, 25.472369875, 25.624001583, 25.788889458, 25.947527417, 26.323375333, 26.50197775, 26.659965167, 26.822869917, 26.98148025, 27.13194375, 27.293862917, 27.450350667, 27.647476583, 27.885736875, 28.071988042, 28.239258625, 28.397949, 28.598092583, 28.759121667, 28.961230542, 29.156980292, 29.309013875, 29.499484333, 29.896859542, 30.062863125, 30.221906333, 30.376089167, 30.581083958, 30.756254, 30.91654125, 31.07283675, 31.236309583, 31.38526475, 31.571229417, 31.745365583], "episode_lengths": [100, 100, 100, 100, 100, 100, 100, 100, 100, 100, 100, 100, 100, 100, 100, 100, 100, 100, 100, 100, 100, 100, 100, 100, 100, 100, 100, 100, 100, 100, 100, 100, 100, 100, 100, 100, 100, 100, 100], "episode_rewards": [-424.39, -438.88, -375.41, -395.98999999999995, -465.55999999999995, -496.03, -485.28999999999996, -436.24, -345.29999999999995, -536.21, -555.7699999999999, -586.04, -427.43000000000006, -415.74999999999994, -415.15999999999997, -455.04, -435.97, -406.35999999999996, -345.69000000000005, -446.77000000000004, -607.6499999999999, -516.36, -323.9, -444.10999999999996, -575.73, -425.92, -456.53000000000003, -425.44000000000005, -425.87, -526.52, -425.87999999999994, -517.11, -405.71999999999997, -436.43, -505.77, -485.83000000000004, -493.97999999999996, -385.09, -406.21999999999997], "episode_types": ["t", "t", "t", "t", "t", "t", "t", "t", "t", "t", "t", "t", "t", "t", "t", "t", "t", "t", "t", "t", "t", "t", "t", "t", "t", "t", "t", "t", "t", "t", "t", "t", "t", "t", "t", "t", "t", "t", "t", "t"]}