{"episode": 2720, "test-score": -10.000000000000034, "buffer-size": 50000, "epsilon": 0.7186666666666667, "train-score": -1.305000000000018, "_timestamp": 1679271624.336185, "_runtime": 105.38639092445374, "_step": 135, "_wandb": {"runtime": 105}}