{"initial_reset_timestamp": 0.7381745, "timestamps": [2.019492625, 2.342668167, 2.455796417, 2.554247833, 2.657839792, 2.764615042, 2.864253125, 2.958026917, 3.219187667, 3.351903167, 3.440855417, 3.548549167, 3.65174825, 3.755511292, 3.86779525, 3.926182333, 4.031954625, 4.151342208, 4.288264083, 4.397983875, 4.505414375, 4.597530792, 4.72555475, 4.847352417, 4.953771292, 5.045696, 5.17706525, 5.447646208, 5.568462792, 5.715296792, 5.824285833, 5.923372708, 6.153253167, 6.274408208, 6.383944792, 6.503459917, 6.55731225, 6.764039208, 7.07480325, 7.222415167, 7.303416542, 7.422609208, 7.587019375, 7.652694375, 7.75545725, 7.860681708, 7.959911625, 8.063141625, 8.251446167, 8.405680292, 8.509403875, 8.590218625, 8.683179042, 8.789451833], "episode_lengths": [100, 57, 100, 100, 100, 100, 100, 100, 100, 100, 91, 100, 87, 83, 100, 52, 100, 77, 90, 92, 100, 82, 100, 100, 100, 64, 100, 89, 100, 100, 100, 100, 100, 60, 63, 100, 51, 52, 100, 90, 69, 100, 100, 35, 80, 100, 100, 100, 95, 100, 100, 88, 100, 100], "episode_rewards": [-1.9999999999999951, 0.8599999999999993, -10.999999999999972, 6.000000000000002, -20.999999999999957, 6.000000000000032, 7.0000000000000195, 6.000000000000025, -20.999999999999964, -2.9999999999999942, 7.180000000000001, -11.999999999999964, 8.26000000000003, -1.6599999999999926, -10.99999999999999, -1.0399999999999991, 7.000000000000043, 18.460000000000015, 8.200000000000008, -10.839999999999968, 7.000000000000039, -10.639999999999972, -20.999999999999957, 16.000000000000036, -1.999999999999985, 8.72, -10.999999999999957, -10.779999999999964, 7.000000000000014, -29.999999999999957, -10.999999999999961, -11.999999999999968, 6.000000000000043, -10.199999999999978, -1.2599999999999985, -2.9999999999999956, 17.98000000000001, 8.960000000000015, 8.000000000000028, 34.20000000000003, -1.3799999999999883, -11.999999999999972, -10.999999999999968, -9.699999999999989, -10.599999999999977, -12.99999999999997, -1.9999999999999978, -11.999999999999961, -1.8999999999999773, -9.999999999999963, -10.999999999999957, 16.240000000000016, 14.000000000000028, -0.9999999999999938], "episode_types": ["t", "t", "t", "t", "t", "t", "t", "t", "t", "t", "t", "t", "t", "t", "t", "t", "t", "t", "t", "t", "t", "t", "t", "t", "t", "t", "t", "t", "t", "t", "t", "t", "t", "t", "t", "t", "t", "t", "t", "t", "t", "t", "t", "t", "t", "t", "t", "t", "t", "t", "t", "t", "t", "t", "t"]}